contact_id,first_name,last_name,email
100,Bert,Gedling,bgedling0@myspace.com
101,Dacie,Beddingham,dbeddingham1@usda.gov
102,Lina,Wey,lwey2@deviantart.com
103,Savina,Housbie,shousbie3@google.com.au
104,Delphinia,Lente,dlente4@delicious.com
105,Zonda,Blinder,zblinder5@google.es
106,Charmian,Costley,ccostley6@java.com
107,Darcy,Bulluck,dbulluck7@flavors.me
108,Tim,Duesberry,tduesberry8@google.com.br
109,Torr,Cordero,tcordero9@ftc.gov
110,Flory,Crutchley,fcrutchleya@linkedin.com
111,Margaret,Mibourne,mmibourneb@goo.ne.jp
112,Kelly,Colbourn,kcolbournc@jalbum.net
113,Chick,Kropach,ckropachd@bigcartel.com
114,Stephani,Brothwood,sbrothwoode@baidu.com
115,Kaitlynn,Beglin,kbeglinf@cnbc.com
116,Ashby,Wordley,awordleyg@jigsy.com
117,Coreen,Castelletto,ccastellettoh@qq.com
118,Emilio,Margrett,emargretti@parallels.com
119,Dionysus,Tripe,dtripej@biblegateway.com
120,Charity,Dorney,cdorneyk@4shared.com
121,Cordelia,Darell,cdarelll@histats.com
122,Innis,Mitchener,imitchenerm@mysql.com
123,Roselin,Tinsley,rtinsleyn@apple.com
124,Tait,Dewane,tdewaneo@trellian.com
125,Daryl,Eastop,deastopp@hostgator.com
126,Shirley,Golledge,sgolledgeq@studiopress.com
127,Alphonse,Nussey,anusseyr@oakley.com
128,Lyon,Kerswill,lkerswills@deviantart.com
129,Millicent,Gulland,mgullandt@seesaa.net
130,Terrell,Pinchon,tpinchonu@amazon.de
131,Lorne,Chesshyre,lchesshyrev@themeforest.net
132,Milton,Obey,mobeyw@123-reg.co.uk
133,Alphonso,Danilovitch,adanilovitchx@stumbleupon.com
134,Carlota,Sparey,cspareyy@lulu.com
135,Meghan,Liddle,mliddlez@paginegialle.it
136,Stephana,Tidey,stidey10@constantcontact.com
137,Dante,Bader,dbader11@is.gd
138,Park,Begin,pbegin12@yandex.ru
139,Lorri,Sproul,lsproul13@de.vu
140,Samaria,Sneezum,ssneezum14@dell.com
141,Elberta,Borthe,eborthe15@apache.org
142,Wash,Koubu,wkoubu16@netlog.com
143,Irvin,Courtois,icourtois17@theatlantic.com
144,Crystie,Poplee,cpoplee18@gmpg.org
145,Webster,Foan,wfoan19@indiegogo.com
146,Gunilla,Broughton,gbroughton1a@huffingtonpost.com
147,Yolande,Farloe,yfarloe1b@wisc.edu
148,Saxe,Bartholomieu,sbartholomieu1c@ezinearticles.com
149,Joseph,Del Monte,jdelmonte1d@va.gov
150,Skipp,Wilshaw,swilshaw1e@google.fr
151,Laverna,Sellers,lsellers1f@cnn.com
152,Poppy,Kniveton,pkniveton1g@omniture.com
153,Bathsheba,Parfrey,bparfrey1h@princeton.edu
154,Elvina,Feakins,efeakins1i@elpais.com
155,Skye,Tuxsell,stuxsell1j@exblog.jp
156,Salome,Bidewell,sbidewell1k@marriott.com
157,Vinny,Stepto,vstepto1l@ed.gov
158,Caryn,Mulvenna,cmulvenna1m@topsy.com
159,Walton,Crommett,wcrommett1n@e-recht24.de
160,Kyla,Gherardelli,kgherardelli1o@paginegialle.it
161,Othella,Laverty,olaverty1p@baidu.com
162,Jane,Lapwood,jlapwood1q@example.com
163,Brit,Scogings,bscogings1r@bloglines.com
164,Thea,Brellin,tbrellin1s@usda.gov
165,Tiphanie,Sabberton,tsabberton1t@foxnews.com
166,Winn,Belamy,wbelamy1u@yellowpages.com
167,Klara,Ecclesall,kecclesall1v@latimes.com
168,Morgana,Purdom,mpurdom1w@purevolume.com
169,Dorelia,Hartopp,dhartopp1x@cam.ac.uk
170,Vickie,Lamerton,vlamerton1y@livejournal.com
171,Bekki,Yakubowicz,byakubowicz1z@ucoz.ru
172,Felipa,Rising,frising20@deviantart.com
173,Robb,Blitzer,rblitzer21@pagesperso-orange.fr
174,Doralyn,Mieville,dmieville22@ocn.ne.jp
175,Lotty,Fowles,lfowles23@tinyurl.com
176,Dunc,Bruff,dbruff24@indiegogo.com
177,Dawna,Middleditch,dmiddleditch25@printfriendly.com
178,Justus,Reddle,jreddle26@sphinn.com
179,Mervin,Feldmus,mfeldmus27@opensource.org
180,Madison,Girvan,mgirvan28@pinterest.com
181,Wait,Castlake,wcastlake29@flickr.com
182,Ardisj,Plessing,aplessing2a@yahoo.com
183,Malory,Dash,mdash2b@indiegogo.com
184,Arleta,Brehat,abrehat2c@wp.com
185,Brandy,Tapsfield,btapsfield2d@rambler.ru
186,Eyde,Gendricke,egendricke2e@sciencedirect.com
187,Jessika,Setterfield,jsetterfield2f@gmpg.org
188,Kristofer,Jochen,kjochen2g@over-blog.com
189,Madalyn,Lowcock,mlowcock2h@hhs.gov
190,Alene,Blaylock,ablaylock2i@unblog.fr
191,Gilly,Lamanby,glamanby2j@omniture.com
192,Maryellen,Core,mcore2k@google.cn
193,Bentlee,Ingre,bingre2l@ft.com
194,Fedora,Mozzi,fmozzi2m@ezinearticles.com
195,Demetris,Peasegod,dpeasegod2n@mayoclinic.com
196,Livvie,Mussalli,lmussalli2o@ucsd.edu
197,Dilan,Betancourt,dbetancourt2p@ftc.gov
198,Marianne,Bertomeu,mbertomeu2q@arizona.edu
199,Virgil,Jirak,vjirak2r@mac.com
200,Montgomery,Gypson,mgypson2s@sourceforge.net
201,Casper,Camelli,ccamelli2t@sbwire.com
202,Jennee,Killingsworth,jkillingsworth2u@posterous.com
203,Leelah,McColl,lmccoll2v@google.com.au
204,Theo,Cutting,tcutting2w@webmd.com
205,Torry,MacGillespie,tmacgillespie2x@taobao.com
206,Shaine,Coey,scoey2y@prweb.com
207,Orlando,Mushett,omushett2z@dailymail.co.uk
208,Melvyn,Scripps,mscripps30@creativecommons.org
209,Tanitansy,Brake,tbrake31@mediafire.com
210,Rowan,Cumber,rcumber32@e-recht24.de
211,Darrick,Matokhnin,dmatokhnin33@home.pl
212,Rae,Housley,rhousley34@geocities.com
213,Eirena,Wyper,ewyper35@imageshack.us
214,Kimmi,Lockhurst,klockhurst36@mtv.com
215,Florri,Bernardotte,fbernardotte37@sphinn.com
216,Pru,Tulloch,ptulloch38@barnesandnoble.com
217,Brander,Cornilli,bcornilli39@state.gov
218,Kassey,Limbrick,klimbrick3a@jigsy.com
219,Harry,Slessor,hslessor3b@surveymonkey.com
220,Myrlene,Narey,mnarey3c@sakura.ne.jp
221,Rozalie,Robardet,rrobardet3d@amazon.co.uk
222,Kitti,Hankinson,khankinson3e@feedburner.com
223,Sibby,Portress,sportress3f@comcast.net
224,Chrisse,Dyke,cdyke3g@livejournal.com
225,Ripley,Edington,redington3h@g.co
226,Kinna,Fruchter,kfruchter3i@bbb.org
227,Barn,Upcraft,bupcraft3j@seesaa.net
228,Novelia,Prudham,nprudham3k@netlog.com
229,Lavinie,Branney,lbranney3l@microsoft.com
230,Harwell,Possek,hpossek3m@is.gd
231,Heriberto,Heatlie,hheatlie3n@live.com
232,Pat,Tuther,ptuther3o@hhs.gov
233,Vite,Croker,vcroker3p@yale.edu
234,Wyn,Eva,weva3q@java.com
235,Hew,Dafydd,hdafydd3r@list-manage.com
236,Virgilio,Emerine,vemerine3s@ibm.com
237,Christan,Latch,clatch3t@goo.gl
238,Oliy,Elwin,oelwin3u@baidu.com
239,Ernaline,Olenichev,eolenichev3v@jugem.jp
240,Abba,Gentric,agentric3w@answers.com
241,Philomena,Rippin,prippin3x@amazon.com
242,Wilhelm,Grishukhin,wgrishukhin3y@amazon.de
243,Barnaby,Riste,briste3z@prnewswire.com
244,Kayla,de Amaya,kdeamaya40@cyberchimps.com
245,Jeniffer,Sellor,jsellor41@goo.gl
246,Lillian,Trude,ltrude42@shop-pro.jp
247,Ermina,Ida,eida43@weibo.com
248,Ardella,Bristowe,abristowe44@storify.com
249,Dylan,MacGow,dmacgow45@hubpages.com
250,Maynord,Perrelli,mperrelli46@icio.us
251,Marilee,Aluard,maluard47@lycos.com
252,Elise,Wellesley,ewellesley48@umich.edu
253,Catie,Batterbee,cbatterbee49@flickr.com
254,Luigi,Greenless,lgreenless4a@google.com.br
255,Bendicty,Chape,bchape4b@themeforest.net
256,Wallie,Camilleri,wcamilleri4c@adobe.com
257,Sonia,Manneville,smanneville4d@ebay.com
258,Odey,Eastbury,oeastbury4e@qq.com
259,Jaime,Garber,jgarber4f@gmpg.org
260,Alistair,Seamans,aseamans4g@ibm.com
261,Glynis,Espinos,gespinos4h@boston.com
262,Carroll,Cobleigh,ccobleigh4i@1und1.de
263,Kippie,Matyushenko,kmatyushenko4j@newyorker.com
264,Courtney,Gibben,cgibben4k@amazon.co.uk
265,Northrup,Perago,nperago4l@narod.ru
266,Ole,Firle,ofirle4m@4shared.com
267,Kienan,Hutchence,khutchence4n@oakley.com
268,Claudian,Emanuele,cemanuele4o@tmall.com
269,Theressa,Corriea,tcorriea4p@cocolog-nifty.com
270,Lothaire,Lobbe,llobbe4q@mtv.com
271,Valaree,Ridsdell,vridsdell4r@patch.com
272,Wilona,Dunbabin,wdunbabin4s@purevolume.com
273,Nissie,Troy,ntroy4t@sakura.ne.jp
274,Dru,Aimer,daimer4u@cam.ac.uk
275,Noami,Swindley,nswindley4v@chicagotribune.com
276,Marleah,Aveyard,maveyard4w@google.ru
277,Irvin,Woolager,iwoolager4x@comsenz.com
278,Jania,Kilalea,jkilalea4y@prlog.org
279,Erv,Ferns,eferns4z@123-reg.co.uk
280,Lesya,Winkle,lwinkle50@google.de
281,Renell,Pincott,rpincott51@comcast.net
282,Ferdy,Risen,frisen52@latimes.com
283,Gerome,Baroche,gbaroche53@msn.com
284,Laurice,Struan,lstruan54@cloudflare.com
285,Darb,Peatman,dpeatman55@ihg.com
286,Sheba,McEvay,smcevay56@e-recht24.de
287,Charo,Maslen,cmaslen57@soundcloud.com
288,Clare,Hissie,chissie58@pbs.org
289,Blane,Chanter,bchanter59@i2i.jp
290,Cristina,Jaggs,cjaggs5a@sitemeter.com
291,Nathanil,Petrovsky,npetrovsky5b@liveinternet.ru
292,Gertie,Garstang,ggarstang5c@ucla.edu
293,Monique,McCullough,mmccullough5d@phoca.cz
294,Rollin,Barnson,rbarnson5e@squidoo.com
295,Moina,Polle,mpolle5f@marketwatch.com
296,Dannel,O'Boyle,doboyle5g@rambler.ru
297,Ardenia,Lehr,alehr5h@paginegialle.it
298,Maryann,Grady,mgrady5i@reddit.com
299,Cybil,Goodluck,cgoodluck5j@mlb.com
300,Sydney,McTavy,smctavy5k@wired.com
301,Damien,Durdle,ddurdle5l@t.co
302,Timoteo,Garmon,tgarmon5m@feedburner.com
303,Rosabel,Boow,rboow5n@illinois.edu
304,Kacy,Stockport,kstockport5o@soundcloud.com
305,Elvira,Broderick,ebroderick5p@reference.com
306,Ashla,Basezzi,abasezzi5q@cdbaby.com
307,Claresta,Petow,cpetow5r@tinyurl.com
308,Toddie,Farnworth,tfarnworth5s@senate.gov
309,Kaleena,Noore,knoore5t@vimeo.com
310,Goldina,Braven,gbraven5u@netvibes.com
311,Arlana,Hacaud,ahacaud5v@bloglovin.com
312,Myrilla,Baynam,mbaynam5w@wufoo.com
313,Michal,Trotman,mtrotman5x@sitemeter.com
314,Peirce,Twidle,ptwidle5y@amazon.co.jp
315,Wallas,Baylis,wbaylis5z@odnoklassniki.ru
316,Sumner,Adriani,sadriani60@woothemes.com
317,Ryon,MacTavish,rmactavish61@printfriendly.com
318,Alister,Tyrwhitt,atyrwhitt62@scientificamerican.com
319,Sigismond,McGrey,smcgrey63@yale.edu
320,Kessiah,Gabey,kgabey64@hhs.gov
321,Bessy,MacIlory,bmacilory65@reverbnation.com
322,Edi,Harverson,eharverson66@sogou.com
323,Alie,Whitlock,awhitlock67@feedburner.com
324,Candace,Gallaway,cgallaway68@123-reg.co.uk
325,Brendin,Lindblad,blindblad69@slideshare.net
326,Krystal,Quarton,kquarton6a@bloglovin.com
327,Friedrich,Sobey,fsobey6b@about.me
328,Delia,Swaddle,dswaddle6c@ucoz.ru
329,Zorine,Margerison,zmargerison6d@shutterfly.com
330,Dorette,Sutterfield,dsutterfield6e@desdev.cn
331,Yanaton,Munns,ymunns6f@hp.com
332,Persis,Puleque,ppuleque6g@joomla.org
333,Lorry,Naish,lnaish6h@odnoklassniki.ru
334,Jody,Miere,jmiere6i@ucoz.ru
335,Ulberto,Cowie,ucowie6j@spotify.com
336,Gunar,Lude,glude6k@liveinternet.ru
337,Yard,Goering,ygoering6l@freewebs.com
338,Yolande,Pizzie,ypizzie6m@phoca.cz
339,Roger,Randles,rrandles6n@dedecms.com
340,Buck,Rookesby,brookesby6o@ox.ac.uk
341,Alan,Harold,aharold6p@dailymotion.com
342,Zea,Castellini,zcastellini6q@phpbb.com
343,Gui,Hagger,ghagger6r@accuweather.com
344,Jehanna,Trattles,jtrattles6s@paypal.com
345,Bordy,Blodg,bblodg6t@php.net
346,Stan,Toyer,stoyer6u@google.cn
347,Hobard,Chasemore,hchasemore6v@hubpages.com
348,Pauline,Chanson,pchanson6w@yolasite.com
349,Anneliese,Hegdonne,ahegdonne6x@weebly.com
350,Gustave,Benedicte,gbenedicte6y@livejournal.com
351,Karlotta,Millott,kmillott6z@arstechnica.com
352,Cobb,Hargrove,chargrove70@yolasite.com
353,Revkah,Szachniewicz,rszachniewicz71@google.es
354,Carmencita,Shortland,cshortland72@networksolutions.com
355,Mortie,Ballam,mballam73@comcast.net
356,Charlton,Tolerton,ctolerton74@businessinsider.com
357,Bancroft,Alton,balton75@csmonitor.com
358,Rodi,Kenner,rkenner76@businessweek.com
359,Clotilda,Sanches,csanches77@globo.com
360,Alicia,Whatmough,awhatmough78@cam.ac.uk
361,Reynold,Burk,rburk79@soundcloud.com
362,Georgette,Bier,gbier7a@bigcartel.com
363,Kim,Calderon,kcalderon7b@yelp.com
364,Rhianon,Bridgman,rbridgman7c@parallels.com
365,Jandy,Poulglais,jpoulglais7d@ucsd.edu
366,Myrtle,Wrangle,mwrangle7e@google.es
367,Valli,Aldersey,valdersey7f@home.pl
368,Bail,Drury,bdrury7g@census.gov
369,Ula,Tribble,utribble7h@narod.ru
370,Courtnay,Rowles,crowles7i@miitbeian.gov.cn
371,Blancha,Giorgeschi,bgiorgeschi7j@digg.com
372,Valerie,Billborough,vbillborough7k@goo.gl
373,Olly,Tume,otume7l@ucoz.ru
374,Delinda,Duggary,dduggary7m@smugmug.com
375,Sheena,Dean,sdean7n@ask.com
376,Jerrie,Goscar,jgoscar7o@etsy.com
377,Emalia,Berthomieu,eberthomieu7p@youtube.com
378,Gabi,Stag,gstag7q@aol.com
379,Cordula,Hendin,chendin7r@unc.edu
380,Hillery,Fantonetti,hfantonetti7s@jigsy.com
381,Kaspar,Gottelier,kgottelier7t@deviantart.com
382,Helaine,Tinkham,htinkham7u@chron.com
383,Averil,Boulds,aboulds7v@toplist.cz
384,Mendie,Kinrade,mkinrade7w@oaic.gov.au
385,Tomi,McFetridge,tmcfetridge7x@bbb.org
386,Elysia,Ateridge,eateridge7y@boston.com
387,Hart,Bisset,hbisset7z@ibm.com
388,Adelle,Szantho,aszantho80@cbslocal.com
389,Madelin,Sanney,msanney81@abc.net.au
390,Herbie,Lumsdaine,hlumsdaine82@google.co.jp
391,Aridatha,Rubica,arubica83@4shared.com
392,Nikita,Kunath,nkunath84@oaic.gov.au
393,Karoly,Hagland,khagland85@netvibes.com
394,Shelagh,O'Keaveny,sokeaveny86@xing.com
395,Ambros,Dobbing,adobbing87@so-net.ne.jp
396,Cointon,Buddington,cbuddington88@ed.gov
397,Silvie,O' Molan,somolan89@com.com
398,Averill,Pocklington,apocklington8a@fotki.com
399,Finn,Percival,fpercival8b@apple.com
400,Abdul,Kleingrub,akleingrub8c@ezinearticles.com
401,Kiele,Royans,kroyans8d@apache.org
402,Ilise,Aburrow,iaburrow8e@skype.com
403,Theobald,Whitehorne,twhitehorne8f@nifty.com
404,Sadella,Crampsy,scrampsy8g@reference.com
405,Bren,Dovinson,bdovinson8h@w3.org
406,Marita,Zanneli,mzanneli8i@bbb.org
407,Mordy,Daulby,mdaulby8j@bbc.co.uk
408,Gisela,Fraanchyonok,gfraanchyonok8k@scribd.com
409,Winthrop,Pepperill,wpepperill8l@army.mil
410,Hannah,Ellerman,hellerman8m@google.pl
411,Thurstan,Thornber,tthornber8n@whitehouse.gov
412,Clayton,Vouls,cvouls8o@ameblo.jp
413,Sancho,Collum,scollum8p@unicef.org
414,Aharon,Danell,adanell8q@linkedin.com
415,Egor,Lovelock,elovelock8r@tumblr.com
416,Elene,Paulillo,epaulillo8s@123-reg.co.uk
417,Carlynne,King,cking8t@soundcloud.com
418,Lonna,Horburgh,lhorburgh8u@kickstarter.com
419,Emelyne,Munt,emunt8v@fc2.com
420,Cortney,Berka,cberka8w@google.com.au
421,Waylan,Reffe,wreffe8x@youku.com
422,Reggie,Whichelow,rwhichelow8y@yandex.ru
423,Ross,Malec,rmalec8z@angelfire.com
424,Cymbre,Kitcher,ckitcher90@php.net
425,Carina,Magee,cmagee91@unesco.org
426,Cordie,Kupker,ckupker92@shinystat.com
427,Elinore,Hanaby,ehanaby93@globo.com
428,Etti,Canto,ecanto94@woothemes.com
429,Harriette,Borrow,hborrow95@vk.com
430,Roselin,Brunner,rbrunner96@wordpress.org
431,Evelyn,Jesse,ejesse97@bluehost.com
432,Pauly,Bothbie,pbothbie98@ed.gov
433,Winfred,Kantor,wkantor99@sourceforge.net
434,Thaddeus,Gyurko,tgyurko9a@gizmodo.com
435,Wendeline,Dyneley,wdyneley9b@hc360.com
436,Elisha,Roebottom,eroebottom9c@globo.com
437,Dieter,Ramey,dramey9d@imgur.com
438,Karna,O'Dulchonta,kodulchonta9e@ed.gov
439,Lucias,Farndon,lfarndon9f@sitemeter.com
440,Arri,D'Ruel,adruel9g@ebay.co.uk
441,Brad,MacNeill,bmacneill9h@jigsy.com
442,Dario,Estable,destable9i@smugmug.com
443,Parnell,Giabuzzi,pgiabuzzi9j@mapy.cz
444,Melisenda,Wyd,mwyd9k@baidu.com
445,Elvera,Brendeke,ebrendeke9l@csmonitor.com
446,Deonne,Hilling,dhilling9m@ca.gov
447,Nick,Furphy,nfurphy9n@google.co.uk
448,Ag,Beagin,abeagin9o@php.net
449,Tildi,Jump,tjump9p@soundcloud.com
450,Priscilla,Aitcheson,paitcheson9q@sina.com.cn
451,Cammi,Rubes,crubes9r@google.pl
452,Marika,Prate,mprate9s@blogtalkradio.com
453,Albertina,Rankmore,arankmore9t@reference.com
454,Antonia,Ionn,aionn9u@behance.net
455,Janna,Flamank,jflamank9v@foxnews.com
456,Sayre,Hovel,shovel9w@google.es
457,Gertrudis,Coram,gcoram9x@joomla.org
458,Iris,Lilley,ililley9y@ucsd.edu
459,Bruce,Saggs,bsaggs9z@hp.com
460,Brent,Hallows,bhallowsa0@theatlantic.com
461,Emmi,Squibbes,esquibbesa1@admin.ch
462,Else,Paunton,epauntona2@wired.com
463,Tommie,Simmonds,tsimmondsa3@wisc.edu
464,Izaak,Ingry,iingrya4@washington.edu
465,Mordecai,Ealden,mealdena5@ebay.co.uk
466,Nelie,Sandle,nsandlea6@princeton.edu
467,Sissie,Cleen,scleena7@toplist.cz
468,Dorella,Scorthorne,dscorthornea8@chicagotribune.com
469,Issie,Tack,itacka9@census.gov
470,Amery,Krook,akrookaa@google.co.uk
471,Alexina,Kildale,akildaleab@desdev.cn
472,Frannie,Saenz,fsaenzac@networkadvertising.org
473,Merry,Haworth,mhaworthad@tuttocitta.it
474,Adrea,Worvill,aworvillae@state.tx.us
475,Augusto,Tales,atalesaf@hubpages.com
476,Kip,Lothean,klotheanag@google.nl
477,Ania,Sprey,aspreyah@scientificamerican.com
478,Elisabetta,Gallop,egallopai@wp.com
479,Terrance,Keyho,tkeyhoaj@oaic.gov.au
480,Stefania,Brandin,sbrandinak@istockphoto.com
481,Aveline,Meekins,ameekinsal@oracle.com
482,Vinny,Djurkovic,vdjurkovicam@webeden.co.uk
483,Quinta,Such,qsuchan@independent.co.uk
484,Keary,Mawby,kmawbyao@whitehouse.gov
485,Hettie,Ballsdon,hballsdonap@bizjournals.com
486,Alwyn,Franzettoini,afranzettoiniaq@bbb.org
487,Elwood,Ber,eberar@phpbb.com
488,Guy,McTrustey,gmctrusteyas@pinterest.com
489,Alexia,Boorne,aboorneat@artisteer.com
490,Bailey,Flight,bflightau@unc.edu
491,Marika,Fasey,mfaseyav@moonfruit.com
492,Marv,Ratcliffe,mratcliffeaw@a8.net
493,Ramsey,Simeone,rsimeoneax@home.pl
494,Hasty,Panther,hpantheray@sphinn.com
495,Torey,Nazaret,tnazaretaz@vk.com
496,Marie,Defau,mdefaub0@geocities.com
497,Gunther,Tale,gtaleb1@paypal.com
498,Faber,Karle,fkarleb2@umich.edu
499,Saxe,Croser,scroserb3@plala.or.jp
500,Ferrel,Cullnean,fcullneanb4@tumblr.com
501,Laverne,Prue,lprueb5@slate.com
502,Worth,Tregaskis,wtregaskisb6@1688.com
503,Suki,O'Shevlin,soshevlinb7@yellowbook.com
504,Fidelia,Bourley,fbourleyb8@blogspot.com
505,Pierce,Tailour,ptailourb9@unesco.org
506,Arin,Styant,astyantba@opera.com
507,Darleen,Bebbell,dbebbellbb@columbia.edu
508,Dasha,Kimberly,dkimberlybc@taobao.com
509,Reeva,Overland,roverlandbd@cisco.com
510,Elihu,Wippermann,ewippermannbe@dedecms.com
511,Denise,Dadds,ddaddsbf@samsung.com
512,Ezekiel,McDavid,emcdavidbg@tinypic.com
513,Rafaellle,Lacoste,rlacostebh@list-manage.com
514,Wylma,Lau,wlaubi@spotify.com
515,Doria,Dwyer,ddwyerbj@mit.edu
516,Arda,Segrave,asegravebk@theguardian.com
517,Eldin,O'Hagirtie,eohagirtiebl@google.co.jp
518,Mattheus,Kiln,mkilnbm@blogs.com
519,Harriott,Jeffryes,hjeffryesbn@ehow.com
520,Bradley,Leward,blewardbo@whitehouse.gov
521,Auguste,Di Bartolomeo,adibartolomeobp@wordpress.org
522,Aimil,Parslow,aparslowbq@vinaora.com
523,Flem,Nertney,fnertneybr@webnode.com
524,Syman,Drane,sdranebs@printfriendly.com
525,Dollie,Goldster,dgoldsterbt@chicagotribune.com
526,Antonetta,Waren,awarenbu@unicef.org
527,Berenice,Edgeller,bedgellerbv@princeton.edu
528,Liana,Barten,lbartenbw@nhs.uk
529,Beltran,Dunphy,bdunphybx@tripod.com
530,Angel,Joffe,ajoffeby@vk.com
531,Kippie,Binestead,kbinesteadbz@newsvine.com
532,Merridie,Brunke,mbrunkec0@deliciousdays.com
533,Kevyn,Klauber,kklauberc1@odnoklassniki.ru
534,Heinrick,Bantham,hbanthamc2@etsy.com
535,Garret,Lebbern,glebbernc3@posterous.com
536,Josee,Geraldo,jgeraldoc4@networkadvertising.org
537,Lenee,Ricciardi,lricciardic5@freewebs.com
538,Cristiano,Kees,ckeesc6@netvibes.com
539,Nara,Claricoates,nclaricoatesc7@lycos.com
540,Martguerita,O'Tierney,motierneyc8@irs.gov
541,Hobie,Saltman,hsaltmanc9@reddit.com
542,Osborne,Devin,odevinca@forbes.com
543,Germain,McSpirron,gmcspirroncb@delicious.com
544,Neda,Snowball,nsnowballcc@unesco.org
545,Roberta,Fotherby,rfotherbycd@youku.com
546,Avigdor,Lasslett,alasslettce@google.ru
547,Carlo,Ayer,cayercf@symantec.com
548,Donia,Butterfill,dbutterfillcg@360.cn
549,Debi,O' Shea,dosheach@dagondesign.com
550,Ninon,Wolfenden,nwolfendenci@blogs.com
551,Korry,Casserly,kcasserlycj@diigo.com
552,Hilde,Gilbank,hgilbankck@domainmarket.com
553,Issie,Enticknap,ienticknapcl@youtu.be
554,Evanne,Carbert,ecarbertcm@usda.gov
555,Keriann,Lebond,klebondcn@hostgator.com
556,Conroy,Coronado,ccoronadoco@google.es
557,Gerik,Perche,gperchecp@t-online.de
558,Jacquette,Mityushin,jmityushincq@marketwatch.com
559,Mannie,Reedman,mreedmancr@github.com
560,Ebonee,Scorer,escorercs@twitpic.com
561,Ellerey,Hoyte,ehoytect@aboutads.info
562,Lowell,Earpe,learpecu@examiner.com
563,Dorisa,Paish,dpaishcv@cargocollective.com
564,Amberly,Ucceli,auccelicw@foxnews.com
565,Bryana,Mannock,bmannockcx@umn.edu
566,Giuditta,Boschmann,gboschmanncy@surveymonkey.com
567,Riki,MacShirrie,rmacshirriecz@reddit.com
568,Patrizius,Meikle,pmeikled0@ucoz.com
569,Diane,Egle of Germany,degleofgermanyd1@ibm.com
570,Rycca,Crowder,rcrowderd2@163.com
571,Heinrick,Calabry,hcalabryd3@spiegel.de
572,Carlotta,Hue,chued4@bluehost.com
573,Petronella,Foreman,pforemand5@geocities.com
574,Daryl,Deny,ddenyd6@businessinsider.com
575,Moyra,Daice,mdaiced7@cocolog-nifty.com
576,Vidovik,Bannon,vbannond8@indiatimes.com
577,Krishnah,Bodman,kbodmand9@a8.net
578,Georgiana,Abad,gabadda@kickstarter.com
579,Eyde,Bloxsum,ebloxsumdb@opensource.org
580,Jackie,Barmadier,jbarmadierdc@blogs.com
581,Mariellen,Simoens,msimoensdd@archive.org
582,Cornelius,Bernardoux,cbernardouxde@moonfruit.com
583,Giuseppe,Nendick,gnendickdf@parallels.com
584,Ingra,Pidgen,ipidgendg@tamu.edu
585,Fanchette,Giraudeau,fgiraudeaudh@joomla.org
586,Sabina,McGriffin,smcgriffindi@icio.us
587,Abigael,Miles,amilesdj@a8.net
588,Saundra,Voice,svoicedk@ft.com
589,Dare,Bratten,dbrattendl@gravatar.com
590,Padriac,Ilchenko,pilchenkodm@whitehouse.gov
591,Aila,Zolini,azolinidn@cafepress.com
592,Teresita,Baruch,tbaruchdo@psu.edu
593,Misha,Grunguer,mgrunguerdp@mayoclinic.com
594,Vin,Wedgwood,vwedgwooddq@nps.gov
595,Carolann,McGorman,cmcgormandr@goo.gl
596,Jacki,Fearney,jfearneyds@nytimes.com
597,Devora,Prangnell,dprangnelldt@symantec.com
598,Padraic,Irons,pironsdu@dropbox.com
599,Carmelina,Beaston,cbeastondv@intel.com
600,Hieronymus,Rodear,hrodeardw@hubpages.com
601,Chelsae,Perillio,cperilliodx@people.com.cn
602,Hermione,Reedshaw,hreedshawdy@zdnet.com
603,Lexis,Raffon,lraffondz@va.gov
604,Ninnette,Doswell,ndoswelle0@china.com.cn
605,Stacia,Duffill,sduffille1@marketwatch.com
606,Percy,Syddon,psyddone2@gmpg.org
607,Tadio,Szymonwicz,tszymonwicze3@howstuffworks.com
608,Kakalina,Dawtrey,kdawtreye4@hhs.gov
609,Kissee,Acres,kacrese5@uiuc.edu
610,Clarey,Yuryichev,cyuryicheve6@yolasite.com
611,Adamo,Ridgers,aridgerse7@wired.com
612,Parke,Locks,plockse8@nymag.com
613,Tabatha,Dummer,tdummere9@ebay.com
614,Shaylynn,Towersey,stowerseyea@bloglines.com
615,Dickie,Pree,dpreeeb@japanpost.jp
616,Elton,McGibbon,emcgibbonec@mapy.cz
617,Nadia,Anan,nananed@ucsd.edu
618,Maggee,Dall,mdallee@aboutads.info
619,Laetitia,Farncombe,lfarncombeef@ft.com
620,Faustine,Keys,fkeyseg@webmd.com
621,Raynard,McGuffie,rmcguffieeh@sciencedirect.com
622,Ben,Franceschi,bfranceschiei@pbs.org
623,Sonja,Beckmann,sbeckmannej@uiuc.edu
624,Jaymee,Di Frisco,jdifriscoek@upenn.edu
625,Carling,Breslauer,cbreslauerel@nature.com
626,Isa,Reade,ireadeem@joomla.org
627,Haskell,Chasney,hchasneyen@hud.gov
628,Shir,Coggin,scoggineo@unicef.org
629,Prue,McIlenna,pmcilennaep@symantec.com
630,Beryl,Eaton,beatoneq@mediafire.com
631,Vera,Brann,vbranner@ed.gov
632,Bryn,Fantonetti,bfantonetties@ox.ac.uk
633,Clarie,Brownell,cbrownellet@java.com
634,Fran,O'Hagirtie,fohagirtieeu@joomla.org
635,Rhodie,Masey,rmaseyev@rediff.com
636,Aridatha,McGilroy,amcgilroyew@ebay.com
637,Hervey,Cornely,hcornelyex@umich.edu
638,Sheilah,Leeman,sleemaney@google.co.jp
639,Burt,Riby,bribyez@discuz.net
640,Shurlock,Doutch,sdoutchf0@indiatimes.com
641,Tait,Challis,tchallisf1@deliciousdays.com
642,Jarrod,Fogt,jfogtf2@harvard.edu
643,Nessy,Lamb-shine,nlambshinef3@cmu.edu
644,Kaitlynn,Mico,kmicof4@walmart.com
645,Wyn,Toone,wtoonef5@clickbank.net
646,Sandi,Ponting,spontingf6@rakuten.co.jp
647,Aguistin,Lindsell,alindsellf7@1und1.de
648,Whitman,Dugald,wdugaldf8@freewebs.com
649,Gerhardt,Grimwad,ggrimwadf9@mediafire.com
650,Merrile,Berthon,mberthonfa@bigcartel.com
651,Orelie,Berthon,oberthonfb@amazon.com
652,Morris,Brunetti,mbrunettifc@rediff.com
653,Nicky,Henaughan,nhenaughanfd@behance.net
654,Sutherlan,Neal,snealfe@surveymonkey.com
655,Rayner,Escoffier,rescoffierff@loc.gov
656,Corrie,Laneham,clanehamfg@elpais.com
657,Elijah,Southerton,esouthertonfh@discuz.net
658,Cathlene,MacNeill,cmacneillfi@list-manage.com
659,Rosemonde,Flucker,rfluckerfj@photobucket.com
660,Tracie,Lippett,tlippettfk@gmpg.org
661,Corabelle,Lantuffe,clantuffefl@furl.net
662,Gaylor,Catlow,gcatlowfm@cbc.ca
663,Emlynn,Bodycombe,ebodycombefn@devhub.com
664,Leonardo,Domenico,ldomenicofo@clickbank.net
665,Rivalee,Vickerman,rvickermanfp@blogger.com
666,Grant,Kettlestringes,gkettlestringesfq@usnews.com
667,Kendra,Braam,kbraamfr@bloglines.com
668,Babara,Spread,bspreadfs@istockphoto.com
669,Barty,Schettini,bschettinift@rakuten.co.jp
670,Leshia,Lyfield,llyfieldfu@omniture.com
671,Dene,Rimour,drimourfv@51.la
672,Huberto,Hamberstone,hhamberstonefw@foxnews.com
673,Trixy,Mathet,tmathetfx@symantec.com
674,Juliana,Heinicke,jheinickefy@unblog.fr
675,Lionel,Penning,lpenningfz@360.cn
676,Arnold,Gye,agyeg0@springer.com
677,Babara,Craigg,bcraiggg1@feedburner.com
678,Ruprecht,Haylock,rhaylockg2@latimes.com
679,Charmion,Chestnutt,cchestnuttg3@economist.com
680,Walt,Camier,wcamierg4@tinypic.com
681,Flo,Jurasek,fjurasekg5@cnet.com
682,Agustin,Berget,abergetg6@stanford.edu
683,Torrence,O'Dennehy,todennehyg7@1688.com
684,Wittie,Bridges,wbridgesg8@boston.com
685,Terry,Conew,tconewg9@ameblo.jp
686,Alana,Newcomb,anewcombga@w3.org
687,Analise,Woofenden,awoofendengb@cdbaby.com
688,Edmon,Peppin,epeppingc@about.me
689,Pablo,Lyvon,plyvongd@skype.com
690,Carlina,Jeannequin,cjeannequinge@goodreads.com
691,Gigi,Hedau,ghedaugf@dailymotion.com
692,Emery,Kettlestring,ekettlestringgg@hp.com
693,Porty,Shaxby,pshaxbygh@cdbaby.com
694,Candide,Baribal,cbaribalgi@sciencedirect.com
695,Derron,Wastall,dwastallgj@wsj.com
696,Dinny,Mesnard,dmesnardgk@joomla.org
697,Stern,Hanssmann,shanssmanngl@miibeian.gov.cn
698,Paxon,Kretschmer,pkretschmergm@hostgator.com
699,Gennie,Enric,genricgn@stumbleupon.com
700,Ulla,Whitechurch,uwhitechurchgo@histats.com
701,Ki,Dubs,kdubsgp@yellowpages.com
702,Brennen,Franz-Schoninger,bfranzschoningergq@dedecms.com
703,Jenifer,Jurek,jjurekgr@ca.gov
704,Celle,Hedaux,chedauxgs@behance.net
705,Rianon,Temblett,rtemblettgt@usa.gov
706,Melita,Samworth,msamworthgu@scientificamerican.com
707,Halley,Barczewski,hbarczewskigv@vk.com
708,Mervin,Harle,mharlegw@de.vu
709,Amelia,Tabb,atabbgx@gmpg.org
710,Vyky,Schulter,vschultergy@cloudflare.com
711,Gabby,Brockest,gbrockestgz@facebook.com
712,Camila,Chill,cchillh0@indiegogo.com
713,Riki,Spiller,rspillerh1@howstuffworks.com
714,Reinold,Bosher,rbosherh2@naver.com
715,Teirtza,Woloschinski,twoloschinskih3@dion.ne.jp
716,Jenifer,Roden,jrodenh4@ebay.com
717,Lothaire,Tutchell,ltutchellh5@163.com
718,Corabelle,Knobell,cknobellh6@google.com.au
719,Hubie,Crich,hcrichh7@goodreads.com
720,Bevan,Nairn,bnairnh8@irs.gov
721,Jaime,Sea,jseah9@mediafire.com
722,Emmalynne,Milsted,emilstedha@dedecms.com
723,Kennedy,Aaron,kaaronhb@tripadvisor.com
724,Filmore,Townrow,ftownrowhc@umn.edu
725,Becky,MacCard,bmaccardhd@woothemes.com
726,Leda,Weed,lweedhe@mayoclinic.com
727,Haleigh,Chismon,hchismonhf@github.io
728,Deane,Lamping,dlampinghg@nifty.com
729,Lisle,Busfield,lbusfieldhh@ucoz.com
730,Dee dee,Arangy,darangyhi@skyrock.com
731,Cassandra,Dowsing,cdowsinghj@360.cn
732,Nora,Sprionghall,nsprionghallhk@slate.com
733,Raviv,Dahler,rdahlerhl@jalbum.net
734,Min,Davidesco,mdavidescohm@bloglines.com
735,Klemens,Osbidston,kosbidstonhn@ovh.net
736,Fidelio,Doram,fdoramho@amazon.co.jp
737,Sanford,Charlet,scharlethp@bbc.co.uk
738,Padgett,Riccard,priccardhq@virginia.edu
739,Farah,Dumberell,fdumberellhr@github.io
740,Humfried,Lamplugh,hlamplughhs@w3.org
741,Rossy,Barron,rbarronht@wordpress.com
742,Fleming,Oakeshott,foakeshotthu@tinypic.com
743,Dena,Elliff,delliffhv@friendfeed.com
744,Mercy,Berrick,mberrickhw@paypal.com
745,Zulema,Powe,zpowehx@msn.com
746,Charo,Faucett,cfaucetthy@utexas.edu
747,Corliss,Whatsize,cwhatsizehz@whitehouse.gov
748,Rani,Hosby,rhosbyi0@list-manage.com
749,Ives,Pantling,ipantlingi1@last.fm
750,Consalve,Sackur,csackuri2@csmonitor.com
751,Angie,Bagshaw,abagshawi3@senate.gov
752,Angeline,Letherbury,aletherburyi4@irs.gov
753,Barrie,Joberne,bjobernei5@aol.com
754,Nolie,Eyckelberg,neyckelbergi6@vk.com
755,Leda,Ruggieri,lruggierii7@weibo.com
756,Orrin,Cucuzza,ocucuzzai8@1688.com
757,Rafaello,Cheetam,rcheetami9@timesonline.co.uk
758,Adore,Wipper,awipperia@purevolume.com
759,Nev,Leist,nleistib@bandcamp.com
760,Dominga,Simonitto,dsimonittoic@histats.com
761,Lottie,Evanson,levansonid@sciencedaily.com
762,Amalle,Darnell,adarnellie@printfriendly.com
763,Karlis,Pluthero,kplutheroif@spiegel.de
764,Nana,Perschke,nperschkeig@istockphoto.com
765,Yetty,Kolodziej,ykolodziejih@uiuc.edu
766,Fara,Sapson,fsapsonii@etsy.com
767,Bernadine,Phythien,bphythienij@naver.com
768,Fawne,Wylam,fwylamik@google.com
769,Neille,Campany,ncampanyil@salon.com
770,Stefanie,Tolhurst,stolhurstim@weibo.com
771,Donella,Wagnerin,dwagnerinin@ftc.gov
772,Solly,Fraser,sfraserio@github.io
773,Didi,Schimpke,dschimpkeip@nymag.com
774,Anatollo,Stellino,astellinoiq@techcrunch.com
775,Northrup,Gionettitti,ngionettittiir@sfgate.com
776,Matilde,Jakaway,mjakawayis@spiegel.de
777,Sarene,Compton,scomptonit@theatlantic.com
778,Pooh,Horsfield,phorsfieldiu@discovery.com
779,Antone,Wildbore,awildboreiv@senate.gov
780,Lottie,Washbrook,lwashbrookiw@apache.org
781,Ursula,Yurinov,uyurinovix@yahoo.com
782,Georgina,Nesby,gnesbyiy@theatlantic.com
783,Avery,Mayler,amayleriz@guardian.co.uk
784,Jennica,McCloud,jmccloudj0@who.int
785,Jedidiah,Lawman,jlawmanj1@arstechnica.com
786,Sigmund,Ancliff,sancliffj2@census.gov
787,Bertram,Bower,bbowerj3@ameblo.jp
788,Junette,Stubbley,jstubbleyj4@virginia.edu
789,Hayes,Echalier,hechalierj5@yolasite.com
790,Ash,Plues,apluesj6@eventbrite.com
791,Thebault,Matthius,tmatthiusj7@bbc.co.uk
792,Horatius,Gerson,hgersonj8@amazon.com
793,Rutger,Guntrip,rguntripj9@gov.uk
794,Goldia,Woodhouse,gwoodhouseja@prweb.com
795,Victor,Gulley,vgulleyjb@yahoo.com
796,Keene,Bohler,kbohlerjc@live.com
797,Brewer,Olerenshaw,bolerenshawjd@imdb.com
798,Ibby,Corrison,icorrisonje@aboutads.info
799,Bendick,Jindrich,bjindrichjf@webs.com
800,Pauly,Labbet,plabbetjg@weibo.com
801,Lindsey,Danielli,ldaniellijh@microsoft.com
802,Belva,Wordesworth,bwordesworthji@istockphoto.com
803,Audry,Gillett,agillettjj@google.es
804,Renate,Greenhowe,rgreenhowejk@constantcontact.com
805,Jo-anne,Beeres,jbeeresjl@tmall.com
806,Roseanna,Bonellie,rbonelliejm@bluehost.com
807,Ingrid,Accomb,iaccombjn@boston.com
808,Ebba,Donnelly,edonnellyjo@fastcompany.com
809,Cosimo,Fargher,cfargherjp@homestead.com
810,Loy,Crack,lcrackjq@sina.com.cn
811,Rheba,Dumbrell,rdumbrelljr@yandex.ru
812,Mona,Lathleiff,mlathleiffjs@opera.com
813,Adams,Delos,adelosjt@theatlantic.com
814,Marcellina,Glasscoo,mglasscooju@wordpress.com
815,Garey,Arson,garsonjv@amazon.co.uk
816,Edithe,Hebbron,ehebbronjw@vinaora.com
817,Edna,Jilliss,ejillissjx@networksolutions.com
818,Travers,Beton,tbetonjy@friendfeed.com
819,Peterus,Le Blond,pleblondjz@japanpost.jp
820,Alyssa,Crebbin,acrebbink0@squidoo.com
821,Juliet,Puckring,jpuckringk1@g.co
822,Dwayne,Leversha,dlevershak2@vkontakte.ru
823,Blithe,Rosenshine,brosenshinek3@so-net.ne.jp
824,Thorin,Ply,tplyk4@msu.edu
825,Shayna,Teather,steatherk5@so-net.ne.jp
826,Fredric,Schubert,fschubertk6@jugem.jp
827,Amory,Fideler,afidelerk7@foxnews.com
828,Heidi,Orbell,horbellk8@skype.com
829,Marita,Filipchikov,mfilipchikovk9@free.fr
830,Donn,Whereat,dwhereatka@eepurl.com
831,Audy,Ainsley,aainsleykb@weather.com
832,Emera,Wivell,ewivellkc@jimdo.com
833,Corny,Carmont,ccarmontkd@joomla.org
834,Livy,Schubert,lschubertke@godaddy.com
835,Guenevere,Himsworth,ghimsworthkf@so-net.ne.jp
836,Lucias,Collerd,lcollerdkg@seesaa.net
837,Stephenie,Daniely,sdanielykh@geocities.jp
838,Mareah,Le Brom,mlebromki@ask.com
839,Quintana,Newton,qnewtonkj@sina.com.cn
840,Eirena,Landsbury,elandsburykk@imdb.com
841,Bradford,Jinkins,bjinkinskl@uol.com.br
842,Lena,Rowsell,lrowsellkm@wix.com
843,Kathye,Killigrew,kkilligrewkn@drupal.org
844,Louisa,Tredger,ltredgerko@hugedomains.com
845,Nil,Tixier,ntixierkp@ning.com
846,Yves,Nutbean,ynutbeankq@patch.com
847,Vanessa,Trusslove,vtrusslovekr@reddit.com
848,Roscoe,Wagenen,rwagenenks@shutterfly.com
849,Cherlyn,Mebes,cmebeskt@pcworld.com
850,Shanie,Caress,scaressku@home.pl
851,Reagen,Onraet,ronraetkv@spiegel.de
852,Reagen,Tofanini,rtofaninikw@hp.com
853,Gordy,Bernholt,gbernholtkx@fc2.com
854,Nona,Enion,nenionky@google.pl
855,Hughie,Faucherand,hfaucherandkz@wordpress.com
856,Loretta,Slite,lslitel0@e-recht24.de
857,Umeko,Bliben,ublibenl1@si.edu
858,Siobhan,Lippiatt,slippiattl2@vistaprint.com
859,Neville,Barrass,nbarrassl3@surveymonkey.com
860,Nehemiah,Augustus,naugustusl4@wunderground.com
861,Lanae,Titta,ltittal5@themeforest.net
862,Rae,Bortolazzi,rbortolazzil6@ca.gov
863,Simone,Lawfull,slawfulll7@epa.gov
864,Linn,Lavis,llavisl8@cnn.com
865,Reeva,Rex,rrexl9@dmoz.org
866,Allene,Boothroyd,aboothroydla@liveinternet.ru
867,Dorene,Brien,dbrienlb@skype.com
868,Ranice,Mullarkey,rmullarkeylc@ehow.com
869,Rivalee,Kenewell,rkenewellld@amazon.co.jp
870,Ainsley,Leaf,aleafle@digg.com
871,Stacy,Germann,sgermannlf@w3.org
872,Vanya,Hamments,vhammentslg@nps.gov
873,Jamey,Hebden,jhebdenlh@hhs.gov
874,Cayla,Jordon,cjordonli@wunderground.com
875,Burty,Massel,bmassellj@princeton.edu
876,Viviyan,Gotfrey,vgotfreylk@webmd.com
877,Cleavland,Bosnell,cbosnellll@freewebs.com
878,Ezra,MacMaykin,emacmaykinlm@nhs.uk
879,Torrey,Robeson,trobesonln@opera.com
880,Scottie,Kliemann,skliemannlo@devhub.com
881,Elinore,Mathon,emathonlp@dagondesign.com
882,Charles,Shoveller,cshovellerlq@yolasite.com
883,Shelia,O'Brogane,sobroganelr@wikipedia.org
884,Laurent,Tewkesberry,ltewkesberryls@360.cn
885,Kanya,Magog,kmagoglt@indiegogo.com
886,Valentijn,Goscar,vgoscarlu@goo.gl
887,Celine,Cristol,ccristollv@nasa.gov
888,Carmon,Moggan,cmogganlw@forbes.com
889,Karlie,Georgelin,kgeorgelinlx@flavors.me
890,Lenette,Nettles,lnettlesly@wikipedia.org
891,Munmro,Jamary,mjamarylz@reddit.com
892,Aloin,Walling,awallingm0@ucsd.edu
893,Lyndel,Yashaev,lyashaevm1@tamu.edu
894,Brendis,MacAiline,bmacailinem2@japanpost.jp
895,Glennis,Rossbrooke,grossbrookem3@shinystat.com
896,Artus,O'Carran,aocarranm4@geocities.com
897,Marilee,Esseby,messebym5@who.int
898,Homere,Avesque,havesquem6@dailymotion.com
899,Beret,Coller,bcollerm7@gravatar.com
900,Viole,Hryskiewicz,vhryskiewiczm8@freewebs.com
901,Ronny,Seiffert,rseiffertm9@techcrunch.com
902,Evy,Disbury,edisburyma@marketwatch.com
903,Beverlie,Heningham,bheninghammb@answers.com
904,Jilly,Tiptaft,jtiptaftmc@live.com
905,Yehudit,Hinsche,yhinschemd@macromedia.com
906,Yovonnda,Idale,yidaleme@posterous.com
907,Dane,Probart,dprobartmf@posterous.com
908,Lainey,Ruit,lruitmg@cnn.com
909,Danyelle,Carloni,dcarlonimh@newsvine.com
910,Leland,O'Shiel,loshielmi@networkadvertising.org
911,Amby,Matveichev,amatveichevmj@newsvine.com
912,Elbertina,Cerman,ecermanmk@businesswire.com
913,Irving,Kelsall,ikelsallml@amazonaws.com
914,Virgie,Texton,vtextonmm@vkontakte.ru
915,Rainer,Skypp,rskyppmn@theatlantic.com
916,Willa,Hanhard,whanhardmo@woothemes.com
917,Yolane,Ponsford,yponsfordmp@flavors.me
918,Emory,McKyrrelly,emckyrrellymq@utexas.edu
919,Felicle,Sherrard,fsherrardmr@ucsd.edu
920,Eugenio,Raeside,eraesidems@miibeian.gov.cn
921,Merell,Carbin,mcarbinmt@prnewswire.com
922,Dal,Cadore,dcadoremu@trellian.com
923,Dorry,Croisdall,dcroisdallmv@mapquest.com
924,Urbanus,Joliffe,ujoliffemw@lulu.com
925,Wallache,Drinnan,wdrinnanmx@cloudflare.com
926,Dorelia,Rollin,drollinmy@sphinn.com
927,Griffie,McCaighey,gmccaigheymz@wsj.com
928,Kimbell,MacGettigen,kmacgettigenn0@elpais.com
929,Andrey,Silcox,asilcoxn1@pen.io
930,Klemens,Aslett,kaslettn2@toplist.cz
931,Jonathan,Bras,jbrasn3@newyorker.com
932,Herbert,Aylmore,haylmoren4@marketwatch.com
933,Cathryn,Ranahan,cranahann5@unc.edu
934,Benjy,Haining,bhainingn6@fotki.com
935,Jennica,Busk,jbuskn7@biblegateway.com
936,Falito,Bickardike,fbickardiken8@163.com
937,Dalston,Glazier,dglaziern9@alexa.com
938,Hendrika,Froud,hfroudna@wired.com
939,Trumaine,Laverty,tlavertynb@kickstarter.com
940,Lizzy,Cana,lcananc@va.gov
941,Julee,Corck,jcorcknd@mail.ru
942,Krispin,Stalf,kstalfne@ucoz.com
943,Meaghan,Peller,mpellernf@amazonaws.com
944,Janet,Kettles,jkettlesng@prlog.org
945,Adrianne,Yakobowitz,ayakobowitznh@baidu.com
946,Robbie,Skaife,rskaifeni@lycos.com
947,Karyn,Raincin,kraincinnj@mit.edu
948,Glyn,Clubley,gclubleynk@fda.gov
949,Karlotta,Powley,kpowleynl@vistaprint.com
950,Dede,Measey,dmeaseynm@wikimedia.org
951,Dorice,Riccardini,driccardininn@wunderground.com
952,Brunhilda,Gier,bgierno@ovh.net
953,Rodney,Croson,rcrosonnp@vinaora.com
954,Ethelin,Horley,ehorleynq@google.de
955,Linnet,Brito,lbritonr@nba.com
956,Carree,Churchman,cchurchmanns@adobe.com
957,Ewart,Aery,eaerynt@hibu.com
958,Desmund,Scone,dsconenu@xinhuanet.com
959,Winny,Dilliway,wdilliwaynv@istockphoto.com
960,Anatola,Gowthorpe,agowthorpenw@narod.ru
961,Rina,Cyseley,rcyseleynx@behance.net
962,Hilda,Fallows,hfallowsny@ustream.tv
963,Verge,Howgego,vhowgegonz@walmart.com
964,Rollie,Donnell,rdonnello0@cbsnews.com
965,Issie,Harrill,iharrillo1@princeton.edu
966,Helga,Buckbee,hbuckbeeo2@guardian.co.uk
967,Abdel,Bretland,abretlando3@tripadvisor.com
968,Thaxter,Gerbel,tgerbelo4@artisteer.com
969,Tuck,Norkutt,tnorkutto5@bbc.co.uk
970,Meridel,Olivo,molivoo6@blog.com
971,Lesley,Howkins,lhowkinso7@privacy.gov.au
972,Grace,Holmyard,gholmyardo8@yelp.com
973,Carlita,Eneas,ceneaso9@cmu.edu
974,Eudora,Brimman,ebrimmanoa@nifty.com
975,Franny,Godfroy,fgodfroyob@foxnews.com
976,Herold,Firebrace,hfirebraceoc@bigcartel.com
977,Rikki,Odeson,rodesonod@who.int
978,Jenifer,Hayler,jhayleroe@360.cn
979,Abagael,MacCleod,amaccleodof@bing.com
980,Garner,Lacasa,glacasaog@princeton.edu
981,Neill,De Ruel,nderueloh@gmpg.org
982,Donna,Amer,dameroi@sun.com
983,Shandeigh,Garvan,sgarvanoj@joomla.org
984,Mellie,Sneden,msnedenok@mashable.com
985,Jakie,Freeth,jfreethol@studiopress.com
986,Beckie,Petrescu,bpetrescuom@google.ru
987,Marj,Shanley,mshanleyon@ning.com
988,Verine,Whatham,vwhathamoo@cnet.com
989,Pauli,Avrahamov,pavrahamovop@virginia.edu
990,Deane,Stallen,dstallenoq@weather.com
991,Cynthia,Bauckham,cbauckhamor@ebay.com
992,Garvy,Palombi,gpalombios@reverbnation.com
993,Dall,Corkitt,dcorkittot@flickr.com
994,Ivar,Dorrity,idorrityou@thetimes.co.uk
995,Fanchon,Libreros,flibrerosov@discovery.com
996,Robers,Rollitt,rrollittow@newsvine.com
997,Dodi,Perree,dperreeox@icio.us
998,Reinwald,Howles,rhowlesoy@xrea.com
999,Bobby,De Biaggi,bdebiaggioz@hhs.gov
1000,Freddy,Potten,fpottenp0@irs.gov
1001,Clair,Eskrigge,ceskriggep1@google.com
1002,Demetrius,Penniall,dpenniallp2@soup.io
1003,Danie,Eard,deardp3@google.ru
1004,Christel,Mountlow,cmountlowp4@state.gov
1005,Felicia,Marzele,fmarzelep5@dagondesign.com
1006,Willabella,Eskriet,weskrietp6@macromedia.com
1007,Kay,Doel,kdoelp7@furl.net
1008,Babita,Gregol,bgregolp8@slate.com
1009,Nonna,Gehrts,ngehrtsp9@addtoany.com
1010,Tania,Bollini,tbollinipa@sina.com.cn
1011,Leoline,Pucknell,lpucknellpb@newsvine.com
1012,Demetris,Hupka,dhupkapc@gov.uk
1013,Jill,Ashurst,jashurstpd@smh.com.au
1014,Carroll,Walthew,cwalthewpe@cocolog-nifty.com
1015,Franzen,Petre,fpetrepf@flickr.com
1016,Melloney,Bahike,mbahikepg@si.edu
1017,Jesse,Andryushin,jandryushinph@washingtonpost.com
1018,Leola,Cathesyed,lcathesyedpi@altervista.org
1019,Jaquith,Dufall,jdufallpj@mozilla.org
1020,Mayer,McElhargy,mmcelhargypk@clickbank.net
1021,Lem,Itschakov,litschakovpl@fastcompany.com
1022,Elisabet,Bunkle,ebunklepm@comsenz.com
1023,Lisha,Kedslie,lkedsliepn@ted.com
1024,Cherilyn,Pietrzyk,cpietrzykpo@dailymotion.com
1025,Gipsy,Nuttall,gnuttallpp@mac.com
1026,Ernaline,Burlingame,eburlingamepq@twitter.com
1027,Cary,Gilhool,cgilhoolpr@twitpic.com
1028,Gleda,McConnulty,gmcconnultyps@sourceforge.net
1029,Loraine,MacAdam,lmacadampt@japanpost.jp
1030,Axel,Balsdone,abalsdonepu@mtv.com
1031,Cal,Darlaston,cdarlastonpv@cnn.com
1032,Jemmy,St. Hill,jsthillpw@infoseek.co.jp
1033,Hershel,Antonchik,hantonchikpx@washington.edu
1034,Brigida,Hagart,bhagartpy@wufoo.com
1035,Augusto,Milverton,amilvertonpz@npr.org
1036,Calla,Moogan,cmooganq0@stanford.edu
1037,Jeddy,Skill,jskillq1@histats.com
1038,Tabbi,Fashion,tfashionq2@cnbc.com
1039,Tilly,Rodway,trodwayq3@amazon.de
1040,Andie,Grane,agraneq4@about.com
1041,Morley,Winsome,mwinsomeq5@weebly.com
1042,Hamish,Dootson,hdootsonq6@istockphoto.com
1043,Augustin,Shuttleworth,ashuttleworthq7@cdbaby.com
1044,Philipa,Buesden,pbuesdenq8@state.gov
1045,Ephrayim,McKelvie,emckelvieq9@dedecms.com
1046,Torin,Dare,tdareqa@g.co
1047,Dilly,Verrell,dverrellqb@tinyurl.com
1048,Domenico,Isbell,disbellqc@mashable.com
1049,Wynn,Barnewille,wbarnewilleqd@mozilla.com
1050,Eugenius,McGrirl,emcgrirlqe@hubpages.com
1051,Therine,Braznell,tbraznellqf@hatena.ne.jp
1052,Constanta,McCrudden,cmccruddenqg@dropbox.com
1053,Sharla,Naismith,snaismithqh@technorati.com
1054,Gerik,Sollner,gsollnerqi@rediff.com
1055,Corilla,Wermerling,cwermerlingqj@intel.com
1056,Horace,Rudge,hrudgeqk@admin.ch
1057,Isidoro,Jammet,ijammetql@ca.gov
1058,Glenn,Heath,gheathqm@tripod.com
1059,Rayner,Zaple,rzapleqn@behance.net
1060,Katherina,Tarbin,ktarbinqo@last.fm
1061,Nathan,Hunt,nhuntqp@tiny.cc
1062,Giselbert,Will,gwillqq@baidu.com
1063,Jarrett,Heppenspall,jheppenspallqr@illinois.edu
1064,Lamond,Coventry,lcoventryqs@etsy.com
1065,Wileen,Teers,wteersqt@pcworld.com
1066,Kit,Riddeough,kriddeoughqu@free.fr
1067,Harley,Rosenqvist,hrosenqvistqv@booking.com
1068,Elvina,Winscomb,ewinscombqw@printfriendly.com
1069,Somerset,Atkirk,satkirkqx@lulu.com
1070,Aili,Siemianowicz,asiemianowiczqy@51.la
1071,Katlin,Arsmith,karsmithqz@ftc.gov
1072,Ward,Crace,wcracer0@freewebs.com
1073,Murray,Ties,mtiesr1@weather.com
1074,Dex,Paolazzi,dpaolazzir2@reddit.com
1075,Saree,Thairs,sthairsr3@scientificamerican.com
1076,Val,Skilling,vskillingr4@wikia.com
1077,Gladi,Ramel,gramelr5@squidoo.com
1078,Ursula,Braithwaite,ubraithwaiter6@smh.com.au
1079,Dael,Albrighton,dalbrightonr7@census.gov
1080,Romona,Sweetman,rsweetmanr8@biblegateway.com
1081,Quinlan,Goodhand,qgoodhandr9@xrea.com
1082,Ian,Grigorini,igrigorinira@adobe.com
1083,Anny,Fishburn,afishburnrb@blogger.com
1084,Lukas,McMeyler,lmcmeylerrc@google.com.au
1085,Bruno,Jenckes,bjenckesrd@utexas.edu
1086,Alexandra,Broady,abroadyre@berkeley.edu
1087,Denys,Oxherd,doxherdrf@examiner.com
1088,Ailina,Gower,agowerrg@cbslocal.com
1089,Gerhard,Gaylard,ggaylardrh@berkeley.edu
1090,Guillemette,Higginbottam,ghigginbottamri@vk.com
1091,Braden,Ruben,brubenrj@privacy.gov.au
1092,Marissa,Scyone,mscyonerk@gizmodo.com
1093,Nola,Boldry,nboldryrl@wp.com
1094,Bertrand,Jime,bjimerm@princeton.edu
1095,Carleen,Amery,cameryrn@yahoo.com
1096,Erinna,Iori,eioriro@wix.com
1097,Karlis,Bamlett,kbamlettrp@google.pl
1098,Delmar,Hudel,dhudelrq@newsvine.com
1099,Eolande,Lyokhin,elyokhinrr@myspace.com
